<?xml version="1.0" encoding="UTF-8"?>
<mule xmlns:cluster="http://www.mulesoft.org/schema/mule/ee/cluster" xmlns:json="http://www.mulesoft.org/schema/mule/json" xmlns:tracking="http://www.mulesoft.org/schema/mule/ee/tracking" xmlns:context="http://www.springframework.org/schema/context"
	xmlns:dw="http://www.mulesoft.org/schema/mule/ee/dw"
	xmlns:doc="http://www.mulesoft.org/schema/mule/documentation" xmlns="http://www.mulesoft.org/schema/mule/core" xmlns:apikit="http://www.mulesoft.org/schema/mule/apikit" xmlns:http="http://www.mulesoft.org/schema/mule/http" xmlns:spring="http://www.springframework.org/schema/beans" xmlns:xsi="http://www.w3.org/2001/XMLSchema-instance" xsi:schemaLocation="http://www.springframework.org/schema/context http://www.springframework.org/schema/context/spring-context-current.xsd
http://www.mulesoft.org/schema/mule/ee/dw http://www.mulesoft.org/schema/mule/ee/dw/current/dw.xsd
http://www.mulesoft.org/schema/mule/core http://www.mulesoft.org/schema/mule/core/current/mule.xsd
http://www.mulesoft.org/schema/mule/http http://www.mulesoft.org/schema/mule/http/current/mule-http.xsd
http://www.mulesoft.org/schema/mule/apikit http://www.mulesoft.org/schema/mule/apikit/current/mule-apikit.xsd
http://www.springframework.org/schema/beans http://www.springframework.org/schema/beans/spring-beans-3.1.xsd
http://www.mulesoft.org/schema/mule/ee/tracking http://www.mulesoft.org/schema/mule/ee/tracking/current/mule-tracking-ee.xsd
http://www.mulesoft.org/schema/mule/json http://www.mulesoft.org/schema/mule/json/current/mule-json.xsd">
    <http:listener-config name="missionmars-httpListenerConfig" host="0.0.0.0" port="8081" doc:name="HTTP Listener Configuration"/>
    <apikit:config name="missionmars-config" raml="missionmars.raml" consoleEnabled="false" doc:name="Router" keepRamlBaseUri="false"/>
    <http:request-config name="HTTP_Request_Configuration" host="api.openweathermap.org" port="80" basePath="/data/2.5/forecast" doc:name="HTTP Request Configuration"/>

        <context:property-placeholder location="location.properties"/>
    <configuration doc:name="Configuration">
<expression-language>
               <global-functions>
                   def counterIncrement( ) 
                   {
                       flowVars.count = Integer.parseInt(flowVars.count)  + 1;
                       return flowVars.count;
                   }
               </global-functions>
           </expression-language>
    </configuration>
    <flow name="missionmars-main">
        <http:listener config-ref="missionmars-httpListenerConfig" path="/api/*" doc:name="HTTP" allowedMethods="GET"/>
        <apikit:router config-ref="missionmars-config" doc:name="APIkit Router"/>
        <exception-strategy ref="missionmars-apiKitGlobalExceptionMapping" doc:name="Reference Exception Strategy"/>
    </flow>
    <flow name="missionmars-console">
        <http:listener config-ref="missionmars-httpListenerConfig" path="/console/*" doc:name="HTTP"/>
        <apikit:console config-ref="missionmars-config" doc:name="APIkit Console"/>
    </flow>
    
    <flow name="get:/getLaunchDetails:missionmars-config">
      <set-variable variableName="cityID" value="#[message.inboundProperties.'http.query.params'.cityName]" doc:name="Assign cityID variable"/>
        <logger message="Check :: #[message.inboundProperties.'http.query.params'.cityName != null]" level="INFO" doc:name="Log query parameter status"/>
        <choice doc:name="Route flow">
            <when expression="#[message.inboundProperties.'http.query.params'.cityName != null]">
                <flow-ref name="missionmarsSub_Flow" doc:name="Call missionmars subflow"/>
            </when>
            <otherwise>
            	<set-variable variableName="listings" value="#[[]]" doc:name="Assign empty list"/>
                <foreach collection="#[dw(&quot;p('location.values')&quot;).split(',')]" doc:name="For Each">
                <logger message="Logger:#[message.payloadAs(java.lang.String)]" level="INFO" doc:name="Print value from property file"/>
                    <set-variable variableName="cityID" value="#[message.payloadAs(java.lang.String)]" doc:name="Assign cityID value" />
                    <flow-ref name="missionmarsSub_Flow" doc:name="Invoke missionmars sub flow"/>
                    <expression-transformer expression="#[flowVars.listings.add(payload)]" doc:name="Aggregate response"/>
                </foreach>
                <set-payload value="#[flowVars.listings].#[payload]" doc:name="Set Payload" mimeType="application/json" encoding="windows-1255"/>
            </otherwise>
        </choice>

      
    </flow>
    <sub-flow name="missionmarsSub_Flow">
        <http:request config-ref="HTTP_Request_Configuration" path="/{cityID}" method="GET" doc:name="Forecast5 configurations">
            <http:request-builder>
                <http:uri-param paramName="cityID" value="#[dw('p(flowVars.cityID)')]"/>
                <http:header headerName="x-api-key" value="c910f8d610e92eadedbade41466b9186"/>
            </http:request-builder>
        </http:request>
        <logger message="#[message.payloadAs(java.lang.String)]" level="INFO" doc:name="Print payload"/>
        <set-variable variableName="count" value="#[0]" doc:name="set count variable"/>
        <choice doc:name="Conditional routing">
            <when expression="#[dw('p(flowVars.cityID)')=='7839805']">
                <dw:transform-message doc:name="Melbourne_Transformation">
                    <dw:set-payload><![CDATA[%dw 1.0
%output application/json
%var count = 0
---
{
launchWindows: payload.list filter ($.clouds.all<=50 and $.wind.speed<=20) map ((payload01,indexOfpayload01)  -> {
   location: flowVars.cityID,
   datetime: payload01.dt_txt,
   score: ( ( abs (20 - payload01.main.temp) )+ payload01.wind.speed ) + abs (220-payload01.wind.deg) *0.1
   } 
) 

}]]></dw:set-payload>
                </dw:transform-message>

   
            </when>
            <when expression="#[dw('p(flowVars.cityID)')=='2073124']">
                <dw:transform-message doc:name="Darwin_Transformation">
                    <dw:set-payload><![CDATA[%dw 1.0
%output application/json
%var tempcheck = 0
---
{
launchWindows: payload.list filter ($.clouds.all<=40 and $.wind.speed<=15) map ((payload01,indexOfpayload01)  -> {
   location: flowVars.cityID,
   datetime: payload01.dt_txt,
   score: ( ( abs (20 - payload01.main.temp) )+ payload01.wind.speed ) + abs (220-payload01.wind.deg) *0.1
   } 
    
) orderBy ($.score)
}
]]></dw:set-payload>
                </dw:transform-message>

   
            </when>
            <when expression="#[dw('p(flowVars.cityID)')=='2063523']">
                <dw:transform-message doc:name="Perth_Transformation">
                    <dw:set-payload><![CDATA[%dw 1.0
%output application/json
%var tempcheck = 0
---
{
launchWindows: payload.list filter ($.clouds.all<=30 and $.wind.speed<=5) map ((payload01,indexOfpayload01)  -> {
   location: flowVars.cityID,
   datetime: payload01.dt_txt,
   score: ( ( abs (20 - payload01.main.temp) )+ payload01.wind.speed ) + abs (220-payload01.wind.deg) *0.1
   } 

) orderBy ($.score)
}
]]></dw:set-payload>
                </dw:transform-message>

   
            </when>
            <when expression="#[dw('p(flowVars.cityID)')=='2163355']">
                <dw:transform-message doc:name="Hobart_Transformation">
                    <dw:set-payload><![CDATA[%dw 1.0
%output application/json
%var tempcheck = 0
---
{
launchWindows: payload.list filter ($.clouds.all<=60 and $.wind.speed<=10) map ((payload01,indexOfpayload01)  -> {
   location: flowVars.cityID,
   datetime: payload01.dt_txt,
   score: ( ( abs (20 - payload01.main.temp) )+ payload01.wind.speed ) + abs (220-payload01.wind.deg) *0.1
   } 
    
) orderBy ($.score)
}
]]></dw:set-payload>
                </dw:transform-message>

   
            </when>
            <otherwise>
                <set-payload value="#[&quot;Please enter any of the following city names :: Melbourne, Hobart, &quot;]" doc:name="Set default response"/>
            </otherwise>
        </choice>
        <dw:transform-message doc:name="Filter first 5 elements">
            <dw:set-payload><![CDATA[%dw 1.0
%output application/json
---
{
launchWindows: payload.launchWindows  map ((payload01,indexOfpayload01)  -> {
   id: counterIncrement(),
   location: payload01.location,
   datetime: payload01.datetime,
   score: payload01.score
   } 
) filter ($.id<=5)

}]]></dw:set-payload>
        </dw:transform-message>

        <logger message="#[message.payloadAs(java.lang.String)]" level="INFO" doc:name="Print payload"/>
    </sub-flow>
    <apikit:mapping-exception-strategy name="missionmars-apiKitGlobalExceptionMapping">
        <apikit:mapping statusCode="404">
            <apikit:exception value="org.mule.module.apikit.exception.NotFoundException" />
            <set-property propertyName="Content-Type" value="application/json" doc:name="Property"/>
            <set-payload value="{ &quot;message&quot;: &quot;Resource not found&quot; }" doc:name="Set Payload"/>
        </apikit:mapping>
        <apikit:mapping statusCode="405">
            <apikit:exception value="org.mule.module.apikit.exception.MethodNotAllowedException" />
            <set-property propertyName="Content-Type" value="application/json" doc:name="Property"/>
            <set-payload value="{ &quot;message&quot;: &quot;Method not allowed&quot; }" doc:name="Set Payload"/>
        </apikit:mapping>
        <apikit:mapping statusCode="415">
            <apikit:exception value="org.mule.module.apikit.exception.UnsupportedMediaTypeException" />
            <set-property propertyName="Content-Type" value="application/json" doc:name="Property"/>
            <set-payload value="{ &quot;message&quot;: &quot;Unsupported media type&quot; }" doc:name="Set Payload"/>
        </apikit:mapping>
        <apikit:mapping statusCode="406">
            <apikit:exception value="org.mule.module.apikit.exception.NotAcceptableException" />
            <set-property propertyName="Content-Type" value="application/json" doc:name="Property"/>
            <set-payload value="{ &quot;message&quot;: &quot;Not acceptable&quot; }" doc:name="Set Payload"/>
        </apikit:mapping>
        <apikit:mapping statusCode="400">
            <apikit:exception value="org.mule.module.apikit.exception.BadRequestException" />
            <set-property propertyName="Content-Type" value="application/json" doc:name="Property"/>
            <set-payload value="{ &quot;message&quot;: &quot;Bad request&quot; }" doc:name="Set Payload"/>
        </apikit:mapping>
    </apikit:mapping-exception-strategy>
</mule>
